<?xml version='1.0' encoding='UTF-8' ?>
<timeLogEntries>
  <time id="5" path="/Non Project/PSP for Engineers/Program 1/Code" start="@1456096635423" delta="34" />
  <time id="6" path="/Non Project/PSP for Engineers/Program 1/Planning" start="@1456090293000" delta="53" />
  <time id="7" path="/Non Project/PSP for Engineers/Program 1/Code" start="@1456275848000" delta="105" />
  <time id="8" path="/Non Project/PSP for Engineers/Program 1/Design" start="@1456092380000" delta="16" />
  <time id="9" path="/Non Project/PSP for Engineers/Program 1/Test" start="@1456959649000" delta="37" />
  <time id="10" path="/Non Project/PSP for Engineers/Program 2/Planning" start="@1456967505961" delta="5" />
  <time id="11" path="/Non Project/PSP for Engineers/Program 2/Planning" start="@1456970285513" delta="127" />
  <time id="12" path="/Non Project/PSP for Engineers/Program 2/Design" start="@1457043288130" delta="13" />
  <time id="13" path="/Non Project/PSP for Engineers/Program 2/Code" start="@1457044760572" delta="173" />
  <time id="15" path="/Non Project/PSP for Engineers/Program 2/Postmortem" start="@1457648433232" delta="1" />
  <time id="16" path="/Non Project/PSP for Engineers/Program 3/Planning" start="@1458934322409" delta="53" />
  <time id="17" path="/Non Project/PSP for Engineers/Program 3/Design" start="@1458937498640" delta="28" />
  <time id="18" path="/Non Project/PSP for Engineers/Program 3/Code" start="@1458939223239" delta="190" />
  <time id="19" path="/Non Project/PSP for Engineers/Program 3/Code" start="@1459117680814" delta="45" />
  <time id="20" path="/Non Project/PSP for Engineers/Program 3/Compile" start="@1459117713626" delta="10" />
</timeLogEntries>
